metric,precision,recall,f1-score,support
Minor,0.9047619047619048,0.8878504672897196,0.8962264150943396,107.0
Major,0.9215686274509803,0.9337748344370861,0.9276315789473685,151.0
accuracy,0.9147286821705426,0.9147286821705426,0.9147286821705426,0.9147286821705426
macro avg,0.9131652661064426,0.9108126508634029,0.9119289970208541,258.0
weighted avg,0.9145983974985343,0.9147286821705426,0.9146069567292517,258.0
